model,task,varied_factor,varied_value,K,rho,c_pert,c_bg,num_landmarks,B,diagnostic_seeds,nominal_knn,perturb_knn,candidate_gap_min,perturbation_threshold_max,S,R_K,T_bg,safety_margin,prominence_margin,safety_pass,background_pass,decision,reason,agreement_with_baseline,elapsed_sec,cache_hit
subjepa,tworoom,baseline,baseline,3,0.5,2.0,3.0,20000,3,"0,1,2",30,"27,33",0.4889452027590635,0.005488716529538973,0.9887743728774375,0.48345648622952453,0.4753990673982195,0.4887743728774375,0.008057418831305008,True,True,spectral,spectrally_nondegenerate,True,0.0022553069866262376,True
subjepa,tworoom,K,2,2,0.5,2.0,3.0,20000,3,"0,1,2",30,"27,33",0.4653008594001956,0.08851349380711193,0.8097714800673013,0.3767873655930837,0.482901707986535,0.30977148006730126,-0.1061143423934513,True,False,global,residual_gap_not_above_background,False,0.0019431239925324917,False
subjepa,tworoom,K,3,3,0.5,2.0,3.0,20000,3,"0,1,2",30,"27,33",0.4889452027590635,0.005488716529538973,0.9887743728774375,0.48345648622952453,0.4753990673982195,0.4887743728774375,0.008057418831305008,True,True,spectral,spectrally_nondegenerate,True,0.001933915016707033,True
subjepa,tworoom,K,4,4,0.5,2.0,3.0,20000,3,"0,1,2",30,"27,33",0.12983817810863418,0.004858596859578346,0.962579597693421,0.12497958124905584,0.4555788940267779,0.46257959769342105,-0.3305993127777221,True,False,global,residual_gap_not_above_background,False,0.0019411990069784224,False
subjepa,tworoom,K,5,5,0.5,2.0,3.0,20000,3,"0,1,2",30,"27,33",0.12453958739300588,0.03751517065693927,0.6987691107522802,0.08702441673606662,0.3734174262513853,0.1987691107522802,-0.28639300951531865,True,False,global,residual_gap_not_above_background,False,0.0019449169631116092,False
subjepa,tworoom,rho,0.4,3,0.4,2.0,3.0,20000,3,"0,1,2",30,"27,33",0.4889452027590635,0.005488716529538973,0.9887743728774375,0.48345648622952453,0.4753990673982195,0.5887743728774375,0.008057418831305008,True,True,spectral,spectrally_nondegenerate,True,0.0019236209918744862,True
subjepa,tworoom,rho,0.5,3,0.5,2.0,3.0,20000,3,"0,1,2",30,"27,33",0.4889452027590635,0.005488716529538973,0.9887743728774375,0.48345648622952453,0.4753990673982195,0.4887743728774375,0.008057418831305008,True,True,spectral,spectrally_nondegenerate,True,0.0019281950080767274,True
subjepa,tworoom,rho,0.6,3,0.6,2.0,3.0,20000,3,"0,1,2",30,"27,33",0.4889452027590635,0.005488716529538973,0.9887743728774375,0.48345648622952453,0.4753990673982195,0.38877437287743755,0.008057418831305008,True,True,spectral,spectrally_nondegenerate,True,0.00192704499932006,True
subjepa,tworoom,c_pert,1.5,3,0.5,1.5,3.0,20000,3,"0,1,2",30,"27,33",0.4889452027590635,0.00411653739715423,0.9915807796580781,0.4848286653619093,0.4753990673982195,0.4915807796580781,0.009429597963689751,True,True,spectral,spectrally_nondegenerate,True,0.0019272079807706177,True
subjepa,tworoom,c_pert,2.0,3,0.5,2.0,3.0,20000,3,"0,1,2",30,"27,33",0.4889452027590635,0.005488716529538973,0.9887743728774375,0.48345648622952453,0.4753990673982195,0.4887743728774375,0.008057418831305008,True,True,spectral,spectrally_nondegenerate,True,0.001924640964716673,True
subjepa,tworoom,c_pert,2.5,3,0.5,2.5,3.0,20000,3,"0,1,2",30,"27,33",0.4889452027590635,0.006860895661923716,0.9859679660967968,0.4820843070971398,0.4753990673982195,0.4859679660967968,0.0066852396989202645,True,True,spectral,spectrally_nondegenerate,True,0.001923091011121869,True
subjepa,tworoom,c_bg,2.5,3,0.5,2.0,2.5,20000,3,"0,1,2",30,"27,33",0.4889452027590635,0.005488716529538973,0.9887743728774375,0.48345648622952453,0.41821535460168446,0.4887743728774375,0.06524113162784007,True,True,spectral,spectrally_nondegenerate,True,0.0019146489794366062,True
subjepa,tworoom,c_bg,3.0,3,0.5,2.0,3.0,20000,3,"0,1,2",30,"27,33",0.4889452027590635,0.005488716529538973,0.9887743728774375,0.48345648622952453,0.4753990673982195,0.4887743728774375,0.008057418831305008,True,True,spectral,spectrally_nondegenerate,True,0.0019143069512210786,True
subjepa,tworoom,c_bg,3.5,3,0.5,2.0,3.5,20000,3,"0,1,2",30,"27,33",0.4889452027590635,0.005488716529538973,0.9887743728774375,0.48345648622952453,0.5325827801947546,0.4887743728774375,-0.04912629396523005,True,False,global,residual_gap_not_above_background,False,0.0019090769928880036,True
subjepa,tworoom,M,10000,3,0.5,2.0,3.0,10000,3,"0,1,2",30,"27,33",0.4703541297711675,0.009779809799463579,0.9792075604731661,0.4605743199717039,0.5006776450846502,0.47920756047316615,-0.040103325112946286,True,False,global,residual_gap_not_above_background,False,0.0019369659712538123,False
subjepa,tworoom,M,15000,3,0.5,2.0,3.0,15000,3,"0,1,2",30,"27,33",0.4756937323809523,0.006914908329331504,0.9854635286138397,0.4687788240516208,0.45524997232967923,0.4854635286138397,0.01352885172194157,True,True,spectral,spectrally_nondegenerate,True,0.002086299005895853,False
subjepa,tworoom,M,20000,3,0.5,2.0,3.0,20000,3,"0,1,2",30,"27,33",0.4889452027590635,0.005488716529538973,0.9887743728774375,0.48345648622952453,0.4753990673982195,0.4887743728774375,0.008057418831305008,True,True,spectral,spectrally_nondegenerate,True,0.0021945839980617166,True
subjepa,tworoom,B,3,3,0.5,2.0,3.0,20000,3,"0,1,2",30,"27,33",0.4889452027590635,0.005488716529538973,0.9887743728774375,0.48345648622952453,0.4753990673982195,0.4887743728774375,0.008057418831305008,True,True,spectral,spectrally_nondegenerate,True,0.001959786983206868,True
subjepa,tworoom,B,5,3,0.5,2.0,3.0,20000,5,"0,1,2,3,4",30,"27,33",0.48614159555769865,0.006261093265535145,0.9871208443738445,0.4798805022921635,0.4753990673982195,0.4871208443738445,0.004481434893943981,True,True,spectral,spectrally_nondegenerate,True,0.003161669010296464,False
subjepa,tworoom,B,10,3,0.5,2.0,3.0,20000,10,"0,1,2,3,4,5,6,7,8,9",30,"27,33",0.48614159555769865,0.007600870792565773,0.9843649034313838,0.4785407247651329,0.4753990673982195,0.48436490343138383,0.003141657366913353,True,True,spectral,spectrally_nondegenerate,True,0.006312302022706717,False
subjepa,tworoom,kNN,"center=27,perturb=(24, 30)",3,0.5,2.0,3.0,20000,3,"0,1,2",27,"24,30",0.49063627619650946,0.005170346481390364,0.9894619563773969,0.4854659297151191,0.45827151753891626,0.48946195637739687,0.02719441217620283,True,True,spectral,spectrally_nondegenerate,True,0.0019178760121576488,False
subjepa,tworoom,kNN,"center=30,perturb=(27, 33)",3,0.5,2.0,3.0,20000,3,"0,1,2",30,"27,33",0.4889452027590635,0.005488716529538973,0.9887743728774375,0.48345648622952453,0.4753990673982195,0.4887743728774375,0.008057418831305008,True,True,spectral,spectrally_nondegenerate,True,0.002623602980747819,True
subjepa,tworoom,kNN,"center=33,perturb=(30, 36)",3,0.5,2.0,3.0,20000,3,"0,1,2",33,"30,36",0.4873075492838181,0.0056399841883021384,0.9884262326807967,0.48166756509551595,0.477935703239348,0.48842623268079666,0.003731861856167973,True,True,spectral,spectrally_nondegenerate,True,0.0023296569706872106,False
subjepa,pusht,baseline,baseline,3,0.5,2.0,3.0,20000,3,"0,1,2",30,"27,33",0.14887969128124454,0.11816413353487915,0.20631126705079927,0.03071555774636539,0.159443393703713,-0.2936887329492007,-0.1287278359573476,False,False,global,safety_and_background_checks_failed,True,0.0021791799808852375,True
subjepa,pusht,K,2,2,0.5,2.0,3.0,20000,3,"0,1,2",30,"27,33",0.233555619615351,0.08896100196845691,0.6191014281096333,0.1445946176468941,0.18601637974776192,0.11910142810963331,-0.041421762100867815,True,False,global,residual_gap_not_above_background,True,0.0019360629958100617,False
subjepa,pusht,K,3,3,0.5,2.0,3.0,20000,3,"0,1,2",30,"27,33",0.14887969128124454,0.11816413353487915,0.20631126705079927,0.03071555774636539,0.159443393703713,-0.2936887329492007,-0.1287278359573476,False,False,global,safety_and_background_checks_failed,True,0.001880294003058225,True
subjepa,pusht,K,4,4,0.5,2.0,3.0,20000,3,"0,1,2",30,"27,33",0.051334991145206774,0.21458934318422554,-3.180176881247248,-0.16325435203901878,0.16307618285575615,-3.680176881247248,-0.3263305348947749,False,False,global,safety_and_background_checks_failed,True,0.0019008340314030647,False
subjepa,pusht,K,5,5,0.5,2.0,3.0,20000,3,"0,1,2",30,"27,33",0.08355201880229293,0.13385186040242225,-0.6020182674359142,-0.05029984160012932,0.14859874746162716,-1.1020182674359142,-0.19889858906175648,False,False,global,safety_and_background_checks_failed,True,0.0018869600025936961,False
subjepa,pusht,rho,0.4,3,0.4,2.0,3.0,20000,3,"0,1,2",30,"27,33",0.14887969128124454,0.11816413353487915,0.20631126705079927,0.03071555774636539,0.159443393703713,-0.19368873294920075,-0.1287278359573476,False,False,global,safety_and_background_checks_failed,True,0.0018819670076481998,True
subjepa,pusht,rho,0.5,3,0.5,2.0,3.0,20000,3,"0,1,2",30,"27,33",0.14887969128124454,0.11816413353487915,0.20631126705079927,0.03071555774636539,0.159443393703713,-0.2936887329492007,-0.1287278359573476,False,False,global,safety_and_background_checks_failed,True,0.0018704969552345574,True
subjepa,pusht,rho,0.6,3,0.6,2.0,3.0,20000,3,"0,1,2",30,"27,33",0.14887969128124454,0.11816413353487915,0.20631126705079927,0.03071555774636539,0.159443393703713,-0.3936887329492007,-0.1287278359573476,False,False,global,safety_and_background_checks_failed,True,0.001874241977930069,True
subjepa,pusht,c_pert,1.5,3,0.5,1.5,3.0,20000,3,"0,1,2",30,"27,33",0.14887969128124454,0.08862310015115936,0.4047334502880995,0.06025659113008518,0.159443393703713,-0.09526654971190052,-0.09918680257362782,False,False,global,safety_and_background_checks_failed,True,0.0018668489647097886,True
subjepa,pusht,c_pert,2.0,3,0.5,2.0,3.0,20000,3,"0,1,2",30,"27,33",0.14887969128124454,0.11816413353487915,0.20631126705079927,0.03071555774636539,0.159443393703713,-0.2936887329492007,-0.1287278359573476,False,False,global,safety_and_background_checks_failed,True,0.0018802720005623996,True
subjepa,pusht,c_pert,2.5,3,0.5,2.5,3.0,20000,3,"0,1,2",30,"27,33",0.14887969128124454,0.14770516691859892,0.007889083813499176,0.001174524362645618,0.159443393703713,-0.4921109161865008,-0.15826886934106738,False,False,global,safety_and_background_checks_failed,True,0.0018618300091475248,True
subjepa,pusht,c_bg,2.5,3,0.5,2.0,2.5,20000,3,"0,1,2",30,"27,33",0.14887969128124454,0.11816413353487915,0.20631126705079927,0.03071555774636539,0.1420600066256152,-0.2936887329492007,-0.1113444488792498,False,False,global,safety_and_background_checks_failed,True,0.001859302050434053,True
subjepa,pusht,c_bg,3.0,3,0.5,2.0,3.0,20000,3,"0,1,2",30,"27,33",0.14887969128124454,0.11816413353487915,0.20631126705079927,0.03071555774636539,0.159443393703713,-0.2936887329492007,-0.1287278359573476,False,False,global,safety_and_background_checks_failed,True,0.0018785980064421892,True
subjepa,pusht,c_bg,3.5,3,0.5,2.0,3.5,20000,3,"0,1,2",30,"27,33",0.14887969128124454,0.11816413353487915,0.20631126705079927,0.03071555774636539,0.1768267807818108,-0.2936887329492007,-0.1461112230354454,False,False,global,safety_and_background_checks_failed,True,0.0018621190101839602,True
subjepa,pusht,M,10000,3,0.5,2.0,3.0,10000,3,"0,1,2",30,"27,33",0.15099598076242599,0.01799992999093153,0.8807919926077221,0.13299605077149446,0.22656129143285036,0.3807919926077221,-0.09356524066135591,True,False,global,residual_gap_not_above_background,True,0.001888215949293226,False
subjepa,pusht,M,15000,3,0.5,2.0,3.0,15000,3,"0,1,2",30,"27,33",0.17178677627427458,0.030470393581815525,0.8226266640386422,0.14131638269245905,0.18349299928485002,0.32262666403864215,-0.04217661659239097,True,False,global,residual_gap_not_above_background,True,0.0021115419804118574,False
subjepa,pusht,M,20000,3,0.5,2.0,3.0,20000,3,"0,1,2",30,"27,33",0.14887969128124454,0.11816413353487915,0.20631126705079927,0.03071555774636539,0.159443393703713,-0.2936887329492007,-0.1287278359573476,False,False,global,safety_and_background_checks_failed,True,0.0020527029992081225,True
subjepa,pusht,B,3,3,0.5,2.0,3.0,20000,3,"0,1,2",30,"27,33",0.14887969128124454,0.11816413353487915,0.20631126705079927,0.03071555774636539,0.159443393703713,-0.2936887329492007,-0.1287278359573476,False,False,global,safety_and_background_checks_failed,True,0.0019108179840259254,True
subjepa,pusht,B,5,3,0.5,2.0,3.0,20000,5,"0,1,2,3,4",30,"27,33",0.09844281594349177,0.11816413353487915,-0.2003327251701923,-0.01972131759138737,0.2504722066354557,-0.7003327251701923,-0.27019352422684306,False,False,global,safety_and_background_checks_failed,True,0.0031359249842353165,False
subjepa,pusht,B,10,3,0.5,2.0,3.0,20000,10,"0,1,2,3,4,5,6,7,8,9",30,"27,33",0.09844281594349177,0.1601091211774002,-0.6264175261839946,-0.061666305233908425,0.2504722066354557,-1.1264175261839946,-0.31213851186936414,False,False,global,safety_and_background_checks_failed,True,0.006188121973536909,False
subjepa,pusht,kNN,"center=27,perturb=(24, 30)",3,0.5,2.0,3.0,20000,3,"0,1,2",27,"24,30",0.11036827761277826,0.12966986423298152,-0.17488346323498805,-0.01930158662020326,0.1684754472563197,-0.674883463234988,-0.18777703387652295,False,False,global,safety_and_background_checks_failed,True,0.0019052429706789553,False
subjepa,pusht,kNN,"center=30,perturb=(27, 33)",3,0.5,2.0,3.0,20000,3,"0,1,2",30,"27,33",0.14887969128124454,0.11816413353487915,0.20631126705079927,0.03071555774636539,0.159443393703713,-0.2936887329492007,-0.1287278359573476,False,False,global,safety_and_background_checks_failed,True,0.002099076984450221,True
subjepa,pusht,kNN,"center=33,perturb=(30, 36)",3,0.5,2.0,3.0,20000,3,"0,1,2",33,"30,36",0.19155108483195665,0.11816413353487915,0.383119476255946,0.07338695129707751,0.18023527008886378,-0.116880523744054,-0.10684831879178627,False,False,global,safety_and_background_checks_failed,True,0.0019201189861632884,False
subjepa,reacher,baseline,baseline,3,0.5,2.0,3.0,20000,3,"0,1,2",30,"27,33",0.01902772360435159,0.006589662947029319,0.653680961314664,0.01243806065732227,0.3167419315603566,0.15368096131466402,-0.30430387090303435,True,False,global,residual_gap_not_above_background,True,0.0021585909998975694,True
subjepa,reacher,K,2,2,0.5,2.0,3.0,20000,3,"0,1,2",30,"27,33",0.6122347392677951,0.0037697457170891013,0.9938426464960196,0.608464993550706,0.30752934038522955,0.4938426464960196,0.3009356531654765,True,True,spectral,spectrally_nondegenerate,False,0.0019284270238131285,False
subjepa,reacher,K,3,3,0.5,2.0,3.0,20000,3,"0,1,2",30,"27,33",0.01902772360435159,0.006589662947029319,0.653680961314664,0.01243806065732227,0.3167419315603566,0.15368096131466402,-0.30430387090303435,True,False,global,residual_gap_not_above_background,True,0.0019063649815507233,True
subjepa,reacher,K,4,4,0.5,2.0,3.0,20000,3,"0,1,2",30,"27,33",0.2539097774034234,0.004833399156411011,0.9809641077793886,0.2490763782470124,0.19899963426009876,0.4809641077793886,0.05007674398691364,True,True,spectral,spectrally_nondegenerate,False,0.001905642042402178,False
subjepa,reacher,K,5,5,0.5,2.0,3.0,20000,3,"0,1,2",30,"27,33",0.026283303297253154,0.006049894651526513,0.7698198516714304,0.02023340864572664,0.30366086238503526,0.2698198516714304,-0.2834274537393086,True,False,global,residual_gap_not_above_background,True,0.001882877026218921,False
subjepa,reacher,rho,0.4,3,0.4,2.0,3.0,20000,3,"0,1,2",30,"27,33",0.01902772360435159,0.006589662947029319,0.653680961314664,0.01243806065732227,0.3167419315603566,0.253680961314664,-0.30430387090303435,True,False,global,residual_gap_not_above_background,True,0.0018901079893112183,True
subjepa,reacher,rho,0.5,3,0.5,2.0,3.0,20000,3,"0,1,2",30,"27,33",0.01902772360435159,0.006589662947029319,0.653680961314664,0.01243806065732227,0.3167419315603566,0.15368096131466402,-0.30430387090303435,True,False,global,residual_gap_not_above_background,True,0.0018846410093829036,True
subjepa,reacher,rho,0.6,3,0.6,2.0,3.0,20000,3,"0,1,2",30,"27,33",0.01902772360435159,0.006589662947029319,0.653680961314664,0.01243806065732227,0.3167419315603566,0.053680961314664044,-0.30430387090303435,True,False,global,residual_gap_not_above_background,True,0.0018791999900713563,True
subjepa,reacher,c_pert,1.5,3,0.5,1.5,3.0,20000,3,"0,1,2",30,"27,33",0.01902772360435159,0.004942247210271989,0.7402607209859979,0.0140854763940796,0.3167419315603566,0.24026072098599793,-0.30265645516627704,True,False,global,residual_gap_not_above_background,True,0.0018914330285042524,True
subjepa,reacher,c_pert,2.0,3,0.5,2.0,3.0,20000,3,"0,1,2",30,"27,33",0.01902772360435159,0.006589662947029319,0.653680961314664,0.01243806065732227,0.3167419315603566,0.15368096131466402,-0.30430387090303435,True,False,global,residual_gap_not_above_background,True,0.0018751389579847455,True
subjepa,reacher,c_pert,2.5,3,0.5,2.5,3.0,20000,3,"0,1,2",30,"27,33",0.01902772360435159,0.008237078683786649,0.56710120164333,0.01079064492056494,0.3167419315603566,0.06710120164333,-0.3059512866397917,True,False,global,residual_gap_not_above_background,True,0.0018833400099538267,True
subjepa,reacher,c_bg,2.5,3,0.5,2.0,2.5,20000,3,"0,1,2",30,"27,33",0.01902772360435159,0.006589662947029319,0.653680961314664,0.01243806065732227,0.27589442869989905,0.15368096131466402,-0.26345636804257677,True,False,global,residual_gap_not_above_background,True,0.0018805799772962928,True
subjepa,reacher,c_bg,3.0,3,0.5,2.0,3.0,20000,3,"0,1,2",30,"27,33",0.01902772360435159,0.006589662947029319,0.653680961314664,0.01243806065732227,0.3167419315603566,0.15368096131466402,-0.30430387090303435,True,False,global,residual_gap_not_above_background,True,0.0018879349809139967,True
subjepa,reacher,c_bg,3.5,3,0.5,2.0,3.5,20000,3,"0,1,2",30,"27,33",0.01902772360435159,0.006589662947029319,0.653680961314664,0.01243806065732227,0.35758943442081415,0.15368096131466402,-0.34515137376349186,True,False,global,residual_gap_not_above_background,True,0.0018821059493348002,True
subjepa,reacher,M,10000,3,0.5,2.0,3.0,10000,3,"0,1,2",30,"27,33",0.01842799023248278,0.0031858002728403015,0.8271216647800945,0.01524218995964248,0.2869970405767995,0.3271216647800945,-0.271754850617157,True,False,global,residual_gap_not_above_background,True,0.001904322998598218,False
subjepa,reacher,M,15000,3,0.5,2.0,3.0,15000,3,"0,1,2",30,"27,33",0.017883555132539496,0.00543098445465548,0.6963140486102961,0.012452570677884016,0.297196860154309,0.1963140486102961,-0.284744289476425,True,False,global,residual_gap_not_above_background,True,0.0020139130065217614,False
subjepa,reacher,M,20000,3,0.5,2.0,3.0,20000,3,"0,1,2",30,"27,33",0.01902772360435159,0.006589662947029319,0.653680961314664,0.01243806065732227,0.3167419315603566,0.15368096131466402,-0.30430387090303435,True,False,global,residual_gap_not_above_background,True,0.00212610000744462,True
subjepa,reacher,B,3,3,0.5,2.0,3.0,20000,3,"0,1,2",30,"27,33",0.01902772360435159,0.006589662947029319,0.653680961314664,0.01243806065732227,0.3167419315603566,0.15368096131466402,-0.30430387090303435,True,False,global,residual_gap_not_above_background,True,0.00191867898683995,True
subjepa,reacher,B,5,3,0.5,2.0,3.0,20000,5,"0,1,2,3,4",30,"27,33",0.01902772360435159,0.006589662947029319,0.653680961314664,0.01243806065732227,0.3167419315603566,0.15368096131466402,-0.30430387090303435,True,False,global,residual_gap_not_above_background,True,0.0031279450049623847,False
subjepa,reacher,B,10,3,0.5,2.0,3.0,20000,10,"0,1,2,3,4,5,6,7,8,9",30,"27,33",0.01902772360435159,0.0069961629880878895,0.6323173946836245,0.0120315606162637,0.4047762544728424,0.13231739468362447,-0.3927446938565787,True,False,global,residual_gap_not_above_background,True,0.00619193899910897,False
subjepa,reacher,kNN,"center=27,perturb=(24, 30)",3,0.5,2.0,3.0,20000,3,"0,1,2",27,"24,30",0.018600776840669447,0.006361307247040281,0.6580085175189201,0.012239469593629166,0.35544063620215405,0.1580085175189201,-0.3432011666085249,True,False,global,residual_gap_not_above_background,True,0.001912139996420592,False
subjepa,reacher,kNN,"center=30,perturb=(27, 33)",3,0.5,2.0,3.0,20000,3,"0,1,2",30,"27,33",0.01902772360435159,0.006589662947029319,0.653680961314664,0.01243806065732227,0.3167419315603566,0.15368096131466402,-0.30430387090303435,True,False,global,residual_gap_not_above_background,True,0.0020336410379968584,True
subjepa,reacher,kNN,"center=33,perturb=(30, 36)",3,0.5,2.0,3.0,20000,3,"0,1,2",33,"30,36",0.02232255507786625,0.006589662947029319,0.7047979980766965,0.01573289213083693,0.3167419315603566,0.20479799807669652,-0.3010090394295197,True,False,global,residual_gap_not_above_background,True,0.0018998029991053045,False
subjepa,cube,baseline,baseline,3,0.5,2.0,3.0,20000,3,"0,1,2",30,"27,33",0.2892261958175934,0.0057772650284023674,0.9800250976158262,0.28344893078919103,0.3194156178808116,0.48002509761582624,-0.03596668709162054,True,False,global,residual_gap_not_above_background,True,0.0021375559736043215,True
subjepa,cube,K,2,2,0.5,2.0,3.0,20000,3,"0,1,2",30,"27,33",0.7083759349726525,0.0024967084628884084,0.9964754470901319,0.7058792265097641,0.37751082387212886,0.4964754470901319,0.3283684026376352,True,True,spectral,spectrally_nondegenerate,False,0.0019160039955750108,False
subjepa,cube,K,3,3,0.5,2.0,3.0,20000,3,"0,1,2",30,"27,33",0.2892261958175934,0.0057772650284023674,0.9800250976158262,0.28344893078919103,0.3194156178808116,0.48002509761582624,-0.03596668709162054,True,False,global,residual_gap_not_above_background,True,0.0018819159595295787,True
subjepa,cube,K,4,4,0.5,2.0,3.0,20000,3,"0,1,2",30,"27,33",0.13559521926038412,0.004802724643918954,0.9645804279080352,0.13079249461646517,0.31497474426111105,0.4645804279080352,-0.18418224964464588,True,False,global,residual_gap_not_above_background,True,0.0018887019832618535,False
subjepa,cube,K,5,5,0.5,2.0,3.0,20000,3,"0,1,2",30,"27,33",0.12014408455859113,0.005860474496546031,0.9512212813633115,0.1142836100620451,0.25852663082129657,0.4512212813633115,-0.14424302075925147,True,False,global,residual_gap_not_above_background,True,0.0018781289691105485,False
subjepa,cube,rho,0.4,3,0.4,2.0,3.0,20000,3,"0,1,2",30,"27,33",0.2892261958175934,0.0057772650284023674,0.9800250976158262,0.28344893078919103,0.3194156178808116,0.5800250976158262,-0.03596668709162054,True,False,global,residual_gap_not_above_background,True,0.001886133977677673,True
subjepa,cube,rho,0.5,3,0.5,2.0,3.0,20000,3,"0,1,2",30,"27,33",0.2892261958175934,0.0057772650284023674,0.9800250976158262,0.28344893078919103,0.3194156178808116,0.48002509761582624,-0.03596668709162054,True,False,global,residual_gap_not_above_background,True,0.0018657469772733748,True
subjepa,cube,rho,0.6,3,0.6,2.0,3.0,20000,3,"0,1,2",30,"27,33",0.2892261958175934,0.0057772650284023674,0.9800250976158262,0.28344893078919103,0.3194156178808116,0.38002509761582626,-0.03596668709162054,True,False,global,residual_gap_not_above_background,True,0.0018747060094028711,True
subjepa,cube,c_pert,1.5,3,0.5,1.5,3.0,20000,3,"0,1,2",30,"27,33",0.2892261958175934,0.004332948771301776,0.9850188232118696,0.2848932470462916,0.3194156178808116,0.4850188232118696,-0.03452237083451998,True,False,global,residual_gap_not_above_background,True,0.0018547470099292696,True
subjepa,cube,c_pert,2.0,3,0.5,2.0,3.0,20000,3,"0,1,2",30,"27,33",0.2892261958175934,0.0057772650284023674,0.9800250976158262,0.28344893078919103,0.3194156178808116,0.48002509761582624,-0.03596668709162054,True,False,global,residual_gap_not_above_background,True,0.0018820539698936045,True
subjepa,cube,c_pert,2.5,3,0.5,2.5,3.0,20000,3,"0,1,2",30,"27,33",0.2892261958175934,0.007221581285502959,0.9750313720197827,0.28200461453209047,0.3194156178808116,0.47503137201978274,-0.037411003348721106,True,False,global,residual_gap_not_above_background,True,0.0018661770154722035,True
subjepa,cube,c_bg,2.5,3,0.5,2.0,2.5,20000,3,"0,1,2",30,"27,33",0.2892261958175934,0.0057772650284023674,0.9800250976158262,0.28344893078919103,0.2853517535827478,0.48002509761582624,-0.0019028227935567466,True,False,global,residual_gap_not_above_background,True,0.001871817046776414,True
subjepa,cube,c_bg,3.0,3,0.5,2.0,3.0,20000,3,"0,1,2",30,"27,33",0.2892261958175934,0.0057772650284023674,0.9800250976158262,0.28344893078919103,0.3194156178808116,0.48002509761582624,-0.03596668709162054,True,False,global,residual_gap_not_above_background,True,0.0018703779787756503,True
subjepa,cube,c_bg,3.5,3,0.5,2.0,3.5,20000,3,"0,1,2",30,"27,33",0.2892261958175934,0.0057772650284023674,0.9800250976158262,0.28344893078919103,0.35347948217887537,0.48002509761582624,-0.07003055138968434,True,False,global,residual_gap_not_above_background,True,0.001861843978986144,True
subjepa,cube,M,10000,3,0.5,2.0,3.0,10000,3,"0,1,2",30,"27,33",0.2760623590406451,0.011014914600861903,0.9600999040972472,0.2650474444397832,0.35500915478400186,0.4600999040972472,-0.08996171034421868,True,False,global,residual_gap_not_above_background,True,0.0018863960285671055,False
subjepa,cube,M,15000,3,0.5,2.0,3.0,15000,3,"0,1,2",30,"27,33",0.28848130426660984,0.007849327984489785,0.9727908607303177,0.28063197628212005,0.3303597864425374,0.47279086073031773,-0.04972781016041733,True,False,global,residual_gap_not_above_background,True,0.0020201969891786575,False
subjepa,cube,M,20000,3,0.5,2.0,3.0,20000,3,"0,1,2",30,"27,33",0.2892261958175934,0.0057772650284023674,0.9800250976158262,0.28344893078919103,0.3194156178808116,0.48002509761582624,-0.03596668709162054,True,False,global,residual_gap_not_above_background,True,0.00213101995177567,True
subjepa,cube,B,3,3,0.5,2.0,3.0,20000,3,"0,1,2",30,"27,33",0.2892261958175934,0.0057772650284023674,0.9800250976158262,0.28344893078919103,0.3194156178808116,0.48002509761582624,-0.03596668709162054,True,False,global,residual_gap_not_above_background,True,0.0018986960058100522,True
subjepa,cube,B,5,3,0.5,2.0,3.0,20000,5,"0,1,2,3,4",30,"27,33",0.2892261958175934,0.0057772650284023674,0.9800250976158262,0.28344893078919103,0.3194156178808116,0.48002509761582624,-0.03596668709162054,True,False,global,residual_gap_not_above_background,True,0.0031139839556999505,False
subjepa,cube,B,10,3,0.5,2.0,3.0,20000,10,"0,1,2,3,4,5,6,7,8,9",30,"27,33",0.2892261958175934,0.00727732286179994,0.9748386454372565,0.28194887295579346,0.3850675832026886,0.4748386454372565,-0.10311871024689512,True,False,global,residual_gap_not_above_background,True,0.006167679966893047,False
subjepa,cube,kNN,"center=27,perturb=(24, 30)",3,0.5,2.0,3.0,20000,3,"0,1,2",27,"24,30",0.29124478008499854,0.006080826242501947,0.9791212524367741,0.2851639538424966,0.3194156178808116,0.47912125243677406,-0.03425166403831498,True,False,global,residual_gap_not_above_background,True,0.001895650988444686,False
subjepa,cube,kNN,"center=30,perturb=(27, 33)",3,0.5,2.0,3.0,20000,3,"0,1,2",30,"27,33",0.2892261958175934,0.0057772650284023674,0.9800250976158262,0.28344893078919103,0.3194156178808116,0.48002509761582624,-0.03596668709162054,True,False,global,residual_gap_not_above_background,True,0.0019900769693776965,True
subjepa,cube,kNN,"center=33,perturb=(30, 36)",3,0.5,2.0,3.0,20000,3,"0,1,2",33,"30,36",0.28966051894141803,0.0057772650284023674,0.9800550484079924,0.28388325391301567,0.3194156178808116,0.4800550484079924,-0.03553236396779591,True,False,global,residual_gap_not_above_background,True,0.0019021120388060808,False
