model,task,horizon,method,point_estimate,bootstrap_mean,bootstrap_std,ci_low,ci_high,n_train_seeds,n_partition_seeds,n_eval_blocks,episodes_per_block,n_bootstrap,resampling_unit,status
lewm,cube,long,Official baseline,50.4,50.430488,3.311429190222252,43.6,56.4,0,0,5,50,50000,eval-block,ok
lewm,cube,long,Joint-Continue 3ep,51.6,51.63007999999999,3.2674704443515803,45.333333333333336,57.86666666666667,3,0,5,50,50000,eval-block,ok
lewm,cube,long,Global-FT50,48.13333333333333,48.17588,3.6684288497393536,40.666666666666664,54.8,3,0,5,50,50000,eval-block,ok
lewm,cube,long,Random-Voronoi,50.79999999999999,50.823157333333334,3.1463027276411704,44.84444444444444,57.02222222222222,3,3,5,50,50000,eval-block,ok
lewm,cube,long,K-means++,49.955555555555556,49.98447377777778,2.8363081486681394,44.400000000000006,55.46666666666666,3,3,5,50,50000,eval-block,ok
lewm,cube,long,Spectral,49.68888888888889,49.713415111111104,2.9592754911168275,44.222222222222214,55.77777777777778,3,3,5,50,50000,eval-block,ok
lewm,cube,long,Auto-LAP,48.13333333333333,48.17588,3.6684288497393536,40.666666666666664,54.8,3,0,5,50,50000,eval-block,ok
lewm,cube,short,Official baseline,64.8,64.806936,1.8375687992301133,61.2,68.4,0,0,5,50,50000,eval-block,ok
lewm,cube,short,Joint-Continue 3ep,64.53333333333335,64.54332266666667,2.715416618719779,58.666666666666664,68.93333333333334,3,0,5,50,50000,eval-block,ok
lewm,cube,short,Global-FT50,64.53333333333333,64.55090666666666,2.512340913738509,59.6,69.46666666666667,3,0,5,50,50000,eval-block,ok
lewm,cube,short,Random-Voronoi,66.26666666666667,66.28215555555555,2.566599197862639,60.844444444444434,70.75555555555555,3,3,5,50,50000,eval-block,ok
lewm,cube,short,K-means++,65.02222222222223,65.04620177777777,2.9291167797324906,59.288888888888884,70.57777777777778,3,3,5,50,50000,eval-block,ok
lewm,cube,short,Spectral,64.7111111111111,64.72122399999999,2.447423270056014,59.46666666666667,69.06666666666666,3,3,5,50,50000,eval-block,ok
lewm,cube,short,Auto-LAP,64.53333333333333,64.55090666666666,2.512340913738509,59.6,69.46666666666667,3,0,5,50,50000,eval-block,ok
lewm,pusht,long,Official baseline,37.2,37.197888,3.7104680485696147,29.6,44.4,0,0,5,50,50000,eval-block,ok
lewm,pusht,long,Joint-Continue 3ep,36.53333333333333,36.536024,3.031996050327536,30.4,42.266666666666666,3,0,5,50,50000,eval-block,ok
lewm,pusht,long,Global-FT50,40.4,40.395634666666666,3.527149073729282,33.333333333333336,47.2,3,0,5,50,50000,eval-block,ok
lewm,pusht,long,Random-Voronoi,39.6,39.58535466666667,3.2867956391401663,33.06666666666668,45.91111111111112,3,3,5,50,50000,eval-block,ok
lewm,pusht,long,K-means++,39.422222222222224,39.41609866666666,3.5633653109251076,32.04444444444445,45.86666666666667,3,3,5,50,50000,eval-block,ok
lewm,pusht,long,Spectral,38.577777777777776,38.568782222222225,3.234917945184857,31.866666666666667,44.75555555555556,3,3,5,50,50000,eval-block,ok
lewm,pusht,long,Auto-LAP,40.4,40.395634666666666,3.527149073729282,33.333333333333336,47.2,3,0,5,50,50000,eval-block,ok
lewm,pusht,short,Official baseline,86.0,86.022776,2.330278535674223,81.6,90.8,0,0,5,50,50000,eval-block,ok
lewm,pusht,short,Joint-Continue 3ep,89.06666666666666,89.05962933333333,1.6638029491851893,85.6,92.0,3,0,5,50,50000,eval-block,ok
lewm,pusht,short,Global-FT50,93.73333333333333,93.732544,1.5841717356599947,90.66666666666667,96.93333333333334,3,0,5,50,50000,eval-block,ok
lewm,pusht,short,Random-Voronoi,92.8,92.80838222222224,1.3803397470778582,90.97777777777777,95.95555555555555,3,3,5,50,50000,eval-block,ok
lewm,pusht,short,K-means++,93.46666666666665,93.47178844444446,1.186776823636519,91.55555555555557,96.04444444444444,3,3,5,50,50000,eval-block,ok
lewm,pusht,short,Spectral,93.46666666666665,93.4690408888889,1.5326571174310466,90.71111111111112,96.8,3,3,5,50,50000,eval-block,ok
lewm,pusht,short,Auto-LAP,93.73333333333333,93.732544,1.5841717356599947,90.66666666666667,96.93333333333334,3,0,5,50,50000,eval-block,ok
lewm,reacher,long,Official baseline,76.8,76.801992,1.8444309778183623,73.6,80.8,0,0,5,50,50000,eval-block,ok
lewm,reacher,long,Joint-Continue 3ep,76.80000000000001,76.81099999999999,2.4449240433554937,71.73333333333333,81.2,3,0,5,50,50000,eval-block,ok
lewm,reacher,long,Global-FT50,78.66666666666667,78.65525600000001,2.347262560946166,73.6,82.4,3,0,5,50,50000,eval-block,ok
lewm,reacher,long,Random-Voronoi,77.19999999999999,77.19020533333332,1.9204507766387926,72.93333333333334,80.40000000000002,3,3,5,50,50000,eval-block,ok
lewm,reacher,long,K-means++,78.57777777777778,78.56843377777777,1.0449105712976963,76.4,80.44444444444443,3,3,5,50,50000,eval-block,ok
lewm,reacher,long,Spectral,77.91111111111111,77.90824177777777,1.1695414756315907,75.51111111111112,80.35555555555555,3,3,5,50,50000,eval-block,ok
lewm,reacher,long,Auto-LAP,78.66666666666667,78.65525600000001,2.347262560946166,73.6,82.4,3,0,5,50,50000,eval-block,ok
lewm,reacher,short,Official baseline,87.2,87.228048,2.29574225680846,82.0,91.6,0,0,5,50,50000,eval-block,ok
lewm,reacher,short,Joint-Continue 3ep,84.53333333333333,84.54806933333333,2.013691912128235,80.26666666666667,88.13333333333334,3,0,5,50,50000,eval-block,ok
lewm,reacher,short,Global-FT50,82.93333333333334,82.97034133333332,3.148799504421822,76.4,88.53333333333333,3,0,5,50,50000,eval-block,ok
lewm,reacher,short,Random-Voronoi,83.95555555555556,83.97298133333332,1.7766611566997303,80.0,86.57777777777777,3,3,5,50,50000,eval-block,ok
lewm,reacher,short,K-means++,85.73333333333333,85.75444444444446,1.7628262464884747,82.04444444444445,88.66666666666667,3,3,5,50,50000,eval-block,ok
lewm,reacher,short,Spectral,84.08888888888889,84.10246399999998,1.4155953292206813,81.02222222222221,86.40000000000002,3,3,5,50,50000,eval-block,ok
lewm,reacher,short,Auto-LAP,82.93333333333334,82.97034133333332,3.148799504421822,76.4,88.53333333333333,3,0,5,50,50000,eval-block,ok
lewm,tworoom,long,Official baseline,49.2,49.21532,2.0076267824473755,45.2,53.2,0,0,5,50,50000,eval-block,ok
lewm,tworoom,long,Joint-Continue 3ep,53.06666666666666,53.08129333333334,2.149036480368715,48.666666666666664,57.2,3,0,5,50,50000,eval-block,ok
lewm,tworoom,long,Global-FT50,58.133333333333326,58.13264,1.7798024008174491,54.8,61.733333333333334,3,0,5,50,50000,eval-block,ok
lewm,tworoom,long,Random-Voronoi,59.333333333333336,59.33350755555556,1.264951060105265,57.02222222222222,62.17777777777778,3,3,5,50,50000,eval-block,ok
lewm,tworoom,long,K-means++,58.44444444444445,58.4404248888889,1.8317415638548447,54.84444444444444,62.17777777777778,3,3,5,50,50000,eval-block,ok
lewm,tworoom,long,Spectral,61.37777777777777,61.36823199999999,1.7454796586097625,58.17777777777778,64.88888888888889,3,3,5,50,50000,eval-block,ok
lewm,tworoom,long,Human partition rooms3-50,59.86666666666667,59.869450666666665,1.377689944318871,56.93333333333333,62.4,3,0,5,50,50000,eval-block,ok
lewm,tworoom,long,Auto-LAP,61.6,61.59177333333333,1.8752227392914038,58.0,65.2,3,1,5,50,50000,eval-block,ok
lewm,tworoom,short,Official baseline,90.4,90.41819199999999,1.89895683235191,86.8,94.0,0,0,5,50,50000,eval-block,ok
lewm,tworoom,short,Joint-Continue 3ep,90.93333333333332,90.95893866666667,2.3540849437648688,86.13333333333334,95.06666666666666,3,0,5,50,50000,eval-block,ok
lewm,tworoom,short,Global-FT50,90.13333333333333,90.14355733333335,1.5034675190821754,86.93333333333334,92.8,3,0,5,50,50000,eval-block,ok
lewm,tworoom,short,Random-Voronoi,91.46666666666668,91.47631911111111,1.3237925411652092,88.84444444444443,94.00000000000001,3,3,5,50,50000,eval-block,ok
lewm,tworoom,short,K-means++,91.5111111111111,91.52707644444443,1.4467322606679802,88.4,94.0888888888889,3,3,5,50,50000,eval-block,ok
lewm,tworoom,short,Spectral,91.42222222222222,91.42968266666668,1.0382896506075834,89.37777777777778,93.46666666666668,3,3,5,50,50000,eval-block,ok
lewm,tworoom,short,Human partition rooms3-50,91.86666666666666,91.87312266666666,1.251428023436337,89.6,94.53333333333333,3,0,5,50,50000,eval-block,ok
lewm,tworoom,short,Auto-LAP,91.46666666666665,91.47293066666668,0.8946626217454514,89.6,93.2,3,1,5,50,50000,eval-block,ok
subjepa,cube,long,Official Sub-JEPA,51.2,51.21919199999999,2.293541468370694,46.8,56.0,0,0,5,50,50000,eval-block,ok
subjepa,cube,long,Global-FT50,49.06666666666666,49.097215999999996,3.3632045671435318,42.666666666666664,55.86666666666667,3,0,5,50,50000,eval-block,ok
subjepa,cube,long,K-means++,46.97777777777778,47.00020533333332,2.8078095460210797,41.64444444444445,52.79999999999999,3,3,5,50,50000,eval-block,ok
subjepa,cube,long,Spectral,48.0,48.014679111111114,2.3415583099207056,43.60000000000001,52.75555555555557,3,3,5,50,50000,eval-block,ok
subjepa,cube,long,Auto-LAP,49.06666666666666,49.097215999999996,3.3632045671435318,42.666666666666664,55.86666666666667,3,0,5,50,50000,eval-block,ok
subjepa,cube,short,Official Sub-JEPA,69.2,69.222072,2.375587006787164,64.4,73.6,0,0,5,50,50000,eval-block,ok
subjepa,cube,short,Global-FT50,64.39999999999999,64.421136,2.21938078014607,60.0,68.53333333333333,3,0,5,50,50000,eval-block,ok
subjepa,cube,short,K-means++,66.8,66.81887111111111,2.545918135035225,61.55555555555556,71.33333333333334,3,3,5,50,50000,eval-block,ok
subjepa,cube,short,Spectral,67.2,67.22101155555555,1.8826375288808008,63.555555555555564,70.84444444444443,3,3,5,50,50000,eval-block,ok
subjepa,cube,short,Auto-LAP,64.39999999999999,64.421136,2.21938078014607,60.0,68.53333333333333,3,0,5,50,50000,eval-block,ok
subjepa,pusht,long,Official Sub-JEPA,38.8,38.789168,4.225817538391358,31.2,46.8,0,0,5,50,50000,eval-block,ok
subjepa,pusht,long,Global-FT50,46.4,46.388714666666665,4.075072658810502,39.2,54.93333333333333,3,0,5,50,50000,eval-block,ok
subjepa,pusht,long,K-means++,42.93333333333333,42.93035911111111,3.7420455386407876,35.733333333333334,50.400000000000006,3,3,5,50,50000,eval-block,ok
subjepa,pusht,long,Spectral,44.08888888888888,44.092127999999995,3.600931898178539,37.333333333333336,51.86666666666665,3,3,5,50,50000,eval-block,ok
subjepa,pusht,long,Auto-LAP,46.4,46.388714666666665,4.075072658810502,39.2,54.93333333333333,3,0,5,50,50000,eval-block,ok
subjepa,pusht,short,Official Sub-JEPA,92.4,92.394104,1.3198013627754746,89.6,94.8,0,0,5,50,50000,eval-block,ok
subjepa,pusht,short,Global-FT50,94.53333333333335,94.53373866666665,1.1121939939369092,92.13333333333334,96.53333333333333,3,0,5,50,50000,eval-block,ok
subjepa,pusht,short,K-means++,94.48888888888888,94.49159644444444,0.7701623478088379,93.33333333333333,96.17777777777779,3,3,5,50,50000,eval-block,ok
subjepa,pusht,short,Spectral,94.40000000000002,94.39889866666667,0.8278560213002972,92.66666666666669,95.95555555555556,3,3,5,50,50000,eval-block,ok
subjepa,pusht,short,Auto-LAP,94.53333333333335,94.53373866666665,1.1121939939369092,92.13333333333334,96.53333333333333,3,0,5,50,50000,eval-block,ok
subjepa,reacher,long,Official Sub-JEPA,82.0,82.000256,0.9747762484098594,80.4,84.0,0,0,5,50,50000,eval-block,ok
subjepa,reacher,long,Global-FT50,78.26666666666667,78.26262666666668,1.446135951254622,75.2,81.06666666666666,3,0,5,50,50000,eval-block,ok
subjepa,reacher,long,K-means++,76.84444444444445,76.83493688888889,1.8697290214880777,72.97777777777777,80.22222222222223,3,3,5,50,50000,eval-block,ok
subjepa,reacher,long,Spectral,76.53333333333335,76.52601688888889,2.007936254093961,72.8,80.62222222222222,3,3,5,50,50000,eval-block,ok
subjepa,reacher,long,Auto-LAP,78.26666666666667,78.26262666666668,1.446135951254622,75.2,81.06666666666666,3,0,5,50,50000,eval-block,ok
subjepa,reacher,short,Official Sub-JEPA,83.6,83.614808,2.428848270916897,79.2,88.4,0,0,5,50,50000,eval-block,ok
subjepa,reacher,short,Global-FT50,85.06666666666666,85.08140533333334,2.3775569941841095,80.53333333333333,90.0,3,0,5,50,50000,eval-block,ok
subjepa,reacher,short,K-means++,84.0,84.01310044444446,1.703933527099903,80.35555555555555,86.93333333333334,3,3,5,50,50000,eval-block,ok
subjepa,reacher,short,Spectral,84.0,84.01995822222221,1.8199917867764193,79.95555555555555,87.06666666666666,3,3,5,50,50000,eval-block,ok
subjepa,reacher,short,Auto-LAP,85.06666666666666,85.08140533333334,2.3775569941841095,80.53333333333333,90.0,3,0,5,50,50000,eval-block,ok
subjepa,tworoom,long,Official Sub-JEPA,57.2,57.225975999999996,2.735578996743468,51.6,62.4,0,0,5,50,50000,eval-block,ok
subjepa,tworoom,long,Global-FT50,58.53333333333333,58.540669333333334,2.1890113965475626,54.266666666666666,62.8,3,0,5,50,50000,eval-block,ok
subjepa,tworoom,long,K-means++,57.86666666666667,57.87795644444444,2.0384839749741386,53.911111111111126,61.86666666666666,3,3,5,50,50000,eval-block,ok
subjepa,tworoom,long,Spectral,58.26666666666667,58.269991999999995,1.8449798109063578,54.79999999999999,62.04444444444444,3,3,5,50,50000,eval-block,ok
subjepa,tworoom,long,Auto-LAP,58.666666666666664,58.66838933333332,2.154332783840665,54.8,63.2,3,1,5,50,50000,eval-block,ok
subjepa,tworoom,short,Official Sub-JEPA,94.0,93.99443199999999,0.9809225236357866,92.0,95.6,0,0,5,50,50000,eval-block,ok
subjepa,tworoom,short,Global-FT50,94.8,94.796056,0.5968662611949916,93.6,96.0,3,0,5,50,50000,eval-block,ok
subjepa,tworoom,short,K-means++,93.86666666666666,93.86308177777777,0.8113844701793309,92.13333333333334,95.24444444444444,3,3,5,50,50000,eval-block,ok
subjepa,tworoom,short,Spectral,93.95555555555556,93.94973866666665,0.9303005864168877,92.0,95.6,3,3,5,50,50000,eval-block,ok
subjepa,tworoom,short,Auto-LAP,93.86666666666667,93.86109866666665,0.998871684362133,91.86666666666666,95.6,3,1,5,50,50000,eval-block,ok
