task,num_clusters,partition_seed,region_left,region_right,left_transition_count,right_transition_count,pairwise_response_contrast,pairwise_mean_action_contrast,pairwise_action_slope_contrast,jacobian_cosine_distance,jacobian_log_scale_distance,jacobian_subspace_chordal_distance,jacobian_bures_distance
tworoom,2,0,0,1,447378,444085,0.05518109815667449,0.001165165332617213,0.054015932824057276,0.47144903886333034,0.517380169982264,0.7633158929713525,0.5072445746342834
tworoom,2,1,0,1,450483,440980,0.05514792105332066,0.0012784780667837428,0.05386944298653692,0.4698277578069704,0.5102493192048532,0.762374754948535,0.5052744178293036
tworoom,2,2,0,1,441882,449581,0.054987609868771894,0.0012523540290844512,0.05373525583968744,0.4686353603954957,0.513467908448644,0.7615277299562304,0.5049111629311184
tworoom,3,0,0,1,307374,271397,0.07931569902956259,0.0010198033107288967,0.07829589571883369,0.7005904164137602,0.08447900807000061,0.8777512559162913,0.6794718637894233
tworoom,3,0,0,2,307374,312692,0.1990074699097379,0.007301531387552834,0.19170593852218507,0.756379638077562,0.5517886043377729,0.8661857801248192,0.6168488911810304
tworoom,3,0,1,2,271397,312692,0.307258860460061,0.005134349942088038,0.30212451051797296,1.355536759126957,0.6362676124077733,0.8467473757408771,0.5531891545721165
tworoom,3,1,0,1,272015,308398,0.07895210688545065,0.00086999749500064,0.07808210939045002,0.6957859124842208,0.08395225553003598,0.8712665843607662,0.6771210822057527
tworoom,3,1,0,2,272015,311050,0.3090899760123967,0.005323161330233549,0.30376681468216316,1.3538127741623311,0.6375361987024091,0.8468166004986224,0.5546226539331458
tworoom,3,1,1,2,308398,311050,0.2018961808542466,0.007233257824363984,0.1946629230298826,0.7643803694726634,0.5535839431723731,0.8530456102301135,0.61384496557543
tworoom,3,2,0,1,307702,305740,0.20250068974637078,0.007030545898822027,0.19547014384754877,0.7623253882107024,0.5614349663520726,0.8525479631474913,0.6147862914921661
tworoom,3,2,0,2,307702,278021,0.07608022933253804,0.0010153801096820817,0.07506484922285596,0.6879955740474454,0.1092060510827115,0.8763210768546859,0.6742598218860857
tworoom,3,2,1,2,305740,278021,0.3005469545463843,0.0048312843887760235,0.2957156701576083,1.3259261372087576,0.6706410174347839,0.8506981029865862,0.5783016881770612
tworoom,4,0,0,1,215723,288264,0.3189826640825457,0.00810064608442506,0.31088201799812065,0.8205163775409192,0.8386949734753263,0.8498373033741713,0.6789120967283753
tworoom,4,0,0,2,215723,164709,0.41346908292017903,0.01151198343150063,0.4019570994886784,0.9602921127396042,0.4797523458603411,0.8722154490365774,0.6203525938541989
tworoom,4,0,0,3,215723,222767,0.4304674689899702,0.007135671905211068,0.4233317970847591,1.1771682221584072,0.7270654941708237,0.8017041894390617,0.5335324284570463
tworoom,4,0,1,2,288264,164709,0.10206111166626426,0.00216393412530581,0.09989717754095845,0.554427401180718,0.3589426276149852,0.8629191476753534,0.5771734060431978
tworoom,4,0,1,3,288264,222767,0.11619822898606616,0.0008831683277865966,0.11531506065827957,0.9095832424555224,0.11162947930450261,0.973369422479541,0.8319939192791075
tworoom,4,0,2,3,164709,222767,0.23098864662897653,0.0032673218294217085,0.22772132479955481,1.2323717729024057,0.24731314831048262,0.8659484115796475,0.5815281389440374
tworoom,4,1,0,1,285928,230742,0.11477269910453346,0.001058227296229376,0.11371447180830409,0.8984835661590184,0.10932357160898318,0.9775801655947318,0.8499747313093351
tworoom,4,1,0,2,285928,160432,0.10499776543921946,0.0023720124201630837,0.10262575301905638,0.5576185804471029,0.3720892240699828,0.8657596596072055,0.5847736830725321
tworoom,4,1,0,3,285928,214361,0.31229475111223204,0.0070020562732586705,0.30529269483897337,0.8137063017971257,0.831310223384163,0.8559052474700037,0.6766304231318903
tworoom,4,1,1,2,230742,160432,0.23688294687818753,0.0037941623806435148,0.23308878449754403,1.2431909615104655,0.2627656524609996,0.856865019927187,0.5571369626669679
tworoom,4,1,1,3,230742,214361,0.4192955405399159,0.006039098860746342,0.4132564416791696,1.1592520479414221,0.7219866517751798,0.806210911556168,0.5387822263099868
tworoom,4,1,2,3,160432,214361,0.4075054896125798,0.011012853273908395,0.39649263633867143,0.948682924239665,0.45922099931418026,0.8688001318018245,0.6039557355604903
tworoom,4,2,0,1,283809,233161,0.11527257245020844,0.0010622570986992587,0.11421031535150919,0.9039574059280466,0.09809959926223905,0.9772496942826808,0.8496190442488734
tworoom,4,2,0,2,283809,177169,0.10682311416697848,0.0032190632821439873,0.1036040508848345,0.5602117545421132,0.3686812089608374,0.8667013123493462,0.5830929727608486
tworoom,4,2,0,3,283809,197324,0.32800617202927734,0.007173889545467022,0.3208322824838103,0.8181919943176658,0.8508688436567365,0.8365341849091218,0.6784949758146774
tworoom,4,2,1,2,233161,177169,0.22881498993064145,0.0035422297538778716,0.22527276017676356,1.2029430206618996,0.2705816096985982,0.8802549620192178,0.5914267787935993
tworoom,4,2,1,3,233161,197324,0.4444245641903731,0.007132944349293979,0.4372916198410791,1.1889483348029055,0.7527692443944975,0.8124129199600761,0.5456871001519529
tworoom,4,2,2,3,177169,197324,0.39760654317816985,0.011872304019786424,0.3857342391583834,0.8814742271638351,0.4821876346958992,0.9060913973308157,0.6847948446133443
pusht,2,0,0,1,973110,1308123,0.03538358215916912,0.004140399651348254,0.031243182507820867,0.46963370207639055,0.0362213727182177,0.8343272149140452,0.4697408417221644
pusht,2,1,0,1,1293843,987390,0.03480320103147003,0.004132201811953486,0.030670999219516545,0.4622888255300541,0.05416238332228023,0.8278009933550634,0.46300577994391595
pusht,2,2,0,1,1036018,1245215,0.034357027904803744,0.003916870465095692,0.03044015743970805,0.46078713142164807,0.031729168071382624,0.8279217696776998,0.460949020452206
pusht,3,0,0,1,793626,1027923,0.050391136959175235,0.006088890510907873,0.044302246448267364,0.5364397338195475,0.06559156650571707,0.8741509217492742,0.5371556977330048
pusht,3,0,0,2,793626,459684,0.044157557414721826,0.006087347345066024,0.0380702100696558,0.5328958590325292,0.08161373388732802,0.8810001949684053,0.5329539953059217
pusht,3,0,1,2,1027923,459684,0.0524201712678662,0.006174854866654744,0.04624531640121146,0.5991684290870183,0.14720530039304516,0.915652523081667,0.6029790307204561
pusht,3,1,0,1,707851,626200,0.04611394155543942,0.0046321485342689555,0.041481793021170464,0.5729690323515219,0.07608952349881075,0.8978937103575646,0.5738144666560346
pusht,3,1,0,2,707851,947182,0.039786261588801615,0.00578030991073321,0.034005951678068407,0.4569227572519101,0.09822003857191841,0.8371467304735569,0.4595293025625914
pusht,3,1,1,2,626200,947182,0.04630418216311234,0.007064063291838484,0.039240118871273856,0.49353936305476365,0.02213051507310766,0.8574243913951821,0.4930299957009019
pusht,3,2,0,1,620549,922181,0.04727557375018472,0.006129023932910303,0.04114654981727442,0.5103997437328631,0.005248248581115902,0.8655538534087508,0.509385008023842
pusht,3,2,0,2,620549,738503,0.0474205083583077,0.004889708105552159,0.042530800252755546,0.5680229495757136,0.08552177325018208,0.89391062020174,0.5686817672783978
pusht,3,2,1,2,922181,738503,0.04076558816313286,0.005402822392854266,0.035362765770278595,0.4746098563114943,0.08027352466906611,0.8465322932637953,0.47625179473893897
pusht,4,0,0,1,529717,628468,0.07478339622855502,0.00849567028200338,0.06628772594655165,0.6502075465644981,0.1018542480869965,0.9286760915003658,0.6517925363749615
pusht,4,0,0,2,529717,386234,0.05952975044809969,0.009062161422329401,0.05046758902577029,0.6070374719190715,0.10284759836935217,0.91546461114363,0.607857937241868
pusht,4,0,0,3,529717,736814,0.05593039486896895,0.007497243583831312,0.048433151285137636,0.5467207815757651,0.031570925422499764,0.8863775701994415,0.546004143553573
pusht,4,0,1,2,628468,386234,0.07102003196382752,0.009657449637808823,0.06136258232601869,0.6513982883691162,0.20470184645634867,0.9370017891065195,0.6579134811172932
pusht,4,0,1,3,628468,736814,0.06151740652858958,0.007356592500964783,0.05416081402762479,0.5437596468263497,0.1334251735094964,0.8752193965733509,0.5477609448155294
pusht,4,0,2,3,386234,736814,0.05391391403736162,0.00808611639514371,0.04582779764221791,0.5713290023874059,0.07127667294685248,0.9026495227747569,0.5701998326879067
pusht,4,1,0,1,565546,712706,0.05076521639762688,0.006340743123204756,0.04442447327442212,0.5989745875434265,0.02707718268211544,0.9068266783249253,0.5985191881539684
pusht,4,1,0,2,565546,617443,0.06295126150376695,0.012033707594655815,0.05091755390911114,0.5012807458041186,0.2344086164879363,0.8623636121098351,0.5143906754521972
pusht,4,1,0,3,565546,385538,0.05342515071681408,0.007176389307419629,0.04624876140939445,0.5932703576347428,0.022905712124532022,0.9080797757098602,0.590958884271973
pusht,4,1,1,2,712706,617443,0.053294292250160885,0.010579736815797275,0.04271455543436361,0.42147092289121757,0.2614857991700517,0.810022339613447,0.43984071722056
pusht,4,1,1,3,712706,385538,0.056161981649399846,0.006463051704887114,0.049698929944512735,0.6540670260149912,0.0499828948066475,0.9368085155704614,0.6535572809309744
pusht,4,1,2,3,617443,385538,0.07251085858973502,0.013314007880766903,0.059196850708968116,0.5785031378818772,0.21150290436340424,0.9054793291718025,0.5854904828844198
pusht,4,2,0,1,647197,679832,0.054834322474168376,0.010604921656985202,0.04422940081718317,0.41980682933667124,0.33648980777072235,0.811625215882257,0.4503242515776403
pusht,4,2,0,2,647197,553805,0.06927641980477502,0.013126183399354301,0.05615023640542072,0.5260985650635847,0.2572249181356389,0.876793859576864,0.54103821115391
pusht,4,2,0,3,647197,400399,0.07222282930225198,0.012609714017413244,0.05961311528483874,0.560654303307738,0.2574012298038327,0.8970325191531623,0.5730033647896408
pusht,4,2,1,2,679832,553805,0.049449833349496854,0.0061066285126529715,0.04334320483684388,0.6013611737561244,0.07926488963508335,0.9080437912836601,0.6012512333852142
pusht,4,2,1,3,679832,400399,0.050767961675940255,0.005126633753193483,0.04564132792274677,0.6335391328103115,0.07908857796688967,0.9284214741370493,0.6338977770976981
pusht,4,2,2,3,553805,400399,0.05438138064323588,0.00725144840349501,0.04712993223974087,0.6073337714734173,0.00017631166819376577,0.9148631215105562,0.6067947902796221
reacher,2,0,0,1,983902,996250,0.015720880885154463,0.00020213841380453505,0.01551874247134993,1.74956848007841,0.04097408558144448,0.699808737555691,0.2510571392068214
reacher,2,1,0,1,984110,996042,0.015458179739061776,0.00019004847254138003,0.015268131266520397,1.7458711320953175,0.03516882834659042,0.7030942996095797,0.2545879297300279
reacher,2,2,0,1,986968,993184,0.015585224576469603,0.00020257032459980912,0.015382654251869793,1.7476319458590082,0.019565031491482435,0.7021655272140179,0.2525069784512059
reacher,3,0,0,1,788478,601542,0.021204976599270793,0.00020793791287510445,0.02099703868639569,1.586682369054865,0.10135846077480282,0.8652574414879549,0.4163173274518974
reacher,3,0,0,2,788478,590132,0.022067646806716596,0.0002296850312571223,0.021837961775459474,1.6129054197798227,0.07708840211396752,0.8655587813105441,0.38881285923240444
reacher,3,0,1,2,601542,590132,0.009979071263238434,0.0001052700934974224,0.009873801169741011,0.808243249637867,0.024270058660835418,0.8539082635513952,0.6398453355390883
reacher,3,1,0,1,598515,798544,0.02120559442135876,0.0002443630134738987,0.02096123140788486,1.5930429259697951,0.09021800100568612,0.8666031235276483,0.4093618102846426
reacher,3,1,0,2,598515,583093,0.010110209677728526,9.685176271151277e-05,0.010013357915017014,0.8218483957636814,0.01571162938197812,0.8511740987572118,0.6328164388341442
reacher,3,1,1,2,798544,583093,0.021504907931417235,0.00021452513126065235,0.021290382800156583,1.5941295923398289,0.07450637162370795,0.8660549299826495,0.40702514542133306
reacher,3,2,0,1,590023,791187,0.02262343253969767,0.00022229301671345455,0.022401139522984215,1.6059070331434468,0.0482001354388845,0.8649059638123365,0.3947932898798505
reacher,3,2,0,2,590023,598942,0.010522852930565024,0.00010127702437705907,0.010421575906187964,0.8451058849750337,0.07791523279475922,0.8551586649031476,0.6557027997556869
reacher,3,2,1,2,791187,598942,0.020552354584408485,0.00021466172881011574,0.02033769285559837,1.5693002951874921,0.12611536823364378,0.8760697216364924,0.4348008617289281
reacher,4,0,0,1,502998,487391,0.01827592577103102,0.0001311423197755487,0.01814478345125547,1.2913505307088138,0.08718747018988658,0.9615067536016116,0.7089086576671183
reacher,4,0,0,2,502998,497780,0.02029556944529476,0.0001310054402565224,0.020164564005038237,1.5208643327907791,0.03175039198651229,0.888001162261806,0.4790214100690359
reacher,4,0,0,3,502998,491983,0.011645096559442137,0.00010417495140277795,0.01154092160803936,0.8470455827087354,0.057390803752736134,0.914393100498887,0.6928117830761913
reacher,4,0,1,2,487391,497780,0.012565605162006258,0.00010229268626173104,0.012463312475744526,0.860277888705185,0.055437078203374394,0.9126890037946188,0.6974286993523255
reacher,4,0,1,3,487391,491983,0.022986067230095504,0.0001929716212462105,0.022793095608849293,1.535758117393304,0.029796666437150347,0.8919077581404925,0.46410567326830754
reacher,4,0,2,3,497780,491983,0.018529959588487934,0.00012766297105912787,0.018402296617428805,1.310642245526167,0.025640411766223843,0.9555204454200564,0.6890097134803858
reacher,4,1,0,1,509935,472734,0.021976920499761642,0.00013942715415903435,0.02183749334560261,1.5191800145355832,0.09174064760793614,0.8919639955438335,0.48298319433291664
reacher,4,1,0,2,509935,488246,0.01834382108596716,0.0001280626679267462,0.018215758418040413,1.302494048101368,0.0654153613419651,0.9582432051065181,0.698081339351143
reacher,4,1,0,3,509935,509237,0.011041294351920763,9.349387579977242e-05,0.01094780047612099,0.8495028255050893,0.01483582330740668,0.9031493519819684,0.6758346168858432
reacher,4,1,1,2,472734,488246,0.013346102179364222,9.832596067476732e-05,0.013247776218689455,0.8653029899778478,0.026325286265970974,0.916077951970897,0.7111489983216815
reacher,4,1,1,3,472734,509237,0.01883332846342981,0.00013399470068543244,0.018699333762744377,1.3182845723786873,0.10657647091534292,0.9517106067863117,0.6831584692614734
reacher,4,1,2,3,488246,509237,0.021018310829264815,0.00017605470571816067,0.020842256123546656,1.5118366755499142,0.08025118464937182,0.8988198936176308,0.48965239750444906
reacher,4,2,0,1,503695,506439,0.010667087826548268,9.011615155109177e-05,0.010576971674997175,0.8142688477560422,6.991017498853717e-05,0.9010341064247467,0.6489472721940931
reacher,4,2,0,2,503695,499643,0.017952988636938366,0.00013152184898537156,0.017821466787952996,1.313793130613291,0.04271700786586893,0.9535695392400463,0.6862960261740501
reacher,4,2,0,3,503695,470375,0.02232015979003684,0.00014082002285313038,0.02217933976718371,1.530429947628615,0.1058793464794829,0.8881198199588514,0.47246227116061074
reacher,4,2,1,2,506439,499643,0.02061875987231218,0.0001679578147514664,0.020450802057560714,1.5076590761677908,0.0426470976908805,0.9024471380391512,0.49260858139305824
reacher,4,2,1,3,506439,470375,0.019527899034817307,0.000131762018773509,0.0193961370160438,1.3375914647497402,0.10580943630449444,0.9445355750021912,0.6642780720922705
reacher,4,2,2,3,499643,470375,0.013086675153677308,0.00010209960111452006,0.012984575552562787,0.8596528704174904,0.063162338613614,0.9144198831803635,0.7032087583794989
cube,2,0,0,1,992583,987569,0.13786138495711808,0.000789638231991512,0.13707174672512656,0.6797763511263717,0.2107821308261261,0.6429816281856554,0.44154661897349856
cube,2,1,0,1,984652,995500,0.1377031244174439,0.0007866929940173608,0.13691643142342652,0.6796641467326532,0.20636034349947951,0.6438747784597834,0.44599390481616363
cube,2,2,0,1,973254,1006898,0.13962002297417433,0.0008241697414029601,0.13879585323277138,0.6812116428383082,0.2248280325852025,0.6444142426373354,0.4488586705938882
cube,3,0,0,1,620424,780541,0.12580782562880918,0.001844867322010712,0.12396295830679846,0.5376325056748785,0.26664625733042685,0.7188850829074698,0.3510527150194523
cube,3,0,0,2,620424,579187,0.2969793589124774,0.00025983704917477147,0.29671952186330264,1.0265775657554228,0.45809116304398473,0.6176709600593637,0.5677205073414294
cube,3,0,1,2,780541,579187,0.2807422958137419,0.0018438007510965253,0.27889849506264536,0.7975630968603146,0.1914449057135578,0.7398909041676822,0.37682555088780345
cube,3,1,0,1,787758,632552,0.12578081542252637,0.001715659160733487,0.12406515626179289,0.5366762483514687,0.2734769594070757,0.7177130076491985,0.3493592499035477
cube,3,1,0,2,787758,559842,0.28958023205467115,0.0017531795790470984,0.28782705247562407,0.8063245322807759,0.20334593741379023,0.7306679272181786,0.3769530435420022
cube,3,1,1,2,632552,559842,0.30600238388076156,0.0002996411895149372,0.30570274269124664,1.0388781808026917,0.476822896820866,0.6138994305107335,0.5728830466417943
cube,3,2,0,1,623779,549538,0.3141869248018396,0.00030387663240154456,0.313883048169438,1.0542489513276672,0.4930735994251777,0.6133295992427517,0.5802955155505384
cube,3,2,0,2,623779,806835,0.12511012518939568,0.0017117476991773777,0.12339837749021831,0.5338621173262827,0.2799001458202335,0.7175560196284049,0.35358352884781075
cube,3,2,1,2,549538,806835,0.29638807583675164,0.0018630123652292256,0.2945250634715224,0.8128886395531003,0.21317345360494414,0.7305520662608412,0.37496837027950375
cube,4,0,0,1,386829,655486,0.11956126909328227,0.002181622937666648,0.11737964615561562,0.43969846495370024,0.30674483777960654,0.6891243513946004,0.3887119716707379
cube,4,0,0,2,386829,386320,0.1456559408189066,0.000435730870686099,0.1452202099482205,0.5887727634449975,0.26973500640511283,0.5725981584647434,0.2279235232337977
cube,4,0,0,3,386829,551517,0.3265671465254474,0.0006077780468256165,0.3259593684786218,1.0863456367680082,0.43952585301026664,0.621666604124543,0.6130733451721998
cube,4,0,1,2,655486,386320,0.19985440506956934,0.001877543123410859,0.1979768619461585,0.626662977650403,0.037009831374493735,0.6504487628334102,0.2784105129622254
cube,4,0,1,3,655486,551517,0.30009757127761555,0.0018910496725385642,0.298206521605077,0.788563753601364,0.13278101523066005,0.7157289469153773,0.3626491844909514
cube,4,0,2,3,386320,551517,0.3259263505178696,0.0006306024581386187,0.325295748059731,0.8881737773899703,0.16979084660515367,0.5689453854407478,0.47128806969015147
cube,4,1,0,1,400846,534462,0.3281708608612502,0.0007101445490283589,0.32746071631222184,0.8964393965424067,0.18298762634542912,0.5746592557626707,0.48500917755569445
cube,4,1,0,2,400846,648809,0.19923407758445089,0.001780450518769263,0.19745362706568162,0.6363288085254997,0.03730106839063047,0.6575520472491669,0.2766731957672836
cube,4,1,0,3,400846,396035,0.14219411182722466,0.00046838853019392525,0.14172572329703073,0.5756561319034882,0.24345145666362283,0.5675756237451934,0.20490312987281173
cube,4,1,1,2,534462,648809,0.30041096745053975,0.001805100814221876,0.2986058666363179,0.7916358586576715,0.14568655795479882,0.7188410114492206,0.37655498614827554
cube,4,1,1,3,534462,396035,0.32304294028070907,0.0006544607743999945,0.32238847950630906,1.0545985801689268,0.42643908300905203,0.6140304806423055,0.6139915494363967
cube,4,1,2,3,648809,396035,0.11373720767719081,0.0022291593620736294,0.11150804831511718,0.4192388107519852,0.2807525250542533,0.6930804720337732,0.37873116367512866
cube,4,2,0,1,399642,651048,0.20570280628665413,0.0017099651134951674,0.20399284117315897,0.6421383270638072,0.03306637236361413,0.6400453971528398,0.2774440250751516
cube,4,2,0,2,399642,397150,0.14572986446985053,0.0004337925215524075,0.14529607194829813,0.58485224759386,0.2749674802851128,0.5623070491334564,0.2176328024282613
cube,4,2,0,3,399642,532312,0.3372810649080199,0.0007707826869121493,0.33651028222110774,0.8891826970487166,0.18901342513169075,0.5691274725987739,0.4746377740576978
cube,4,2,1,2,651048,397150,0.11956272314393258,0.002161633118611009,0.11740109002532158,0.43911768938672957,0.30803385264872696,0.6847586779017784,0.3939216146692854
cube,4,2,1,3,651048,532312,0.3108259077538235,0.0017807548366833902,0.30904515291714013,0.7937834723419926,0.15594705276807655,0.715690511580895,0.36818263418716
cube,4,2,2,3,397150,532312,0.33955719571354376,0.0006400925366464678,0.33891710317689727,1.0931418771477015,0.46398090541680354,0.6184634551228775,0.625082165449797
